{"cameraMode":{"drawMode":0,"name":"Shaded","section":"Shading Mode"},"sceneLighting":true,"audioPlay":false,"sceneViewState":{"m_AlwaysRefresh":false,"showFog":true,"showSkybox":true,"showFlares":true,"showImageEffects":true,"showParticleSystems":true,"showVisualEffectGraphs":true,"m_FxEnabled":true},"in2DMode":false,"pivot":{"x":3.9514079093933107,"y":0.05850028991699219,"z":-1.146045207977295},"rotation":{"x":-0.6099658608436585,"y":-0.08369718492031098,"z":0.06509582698345185,"w":-0.7854388356208801},"size":9.981629371643067,"orthographic":false}